[3]ID,# [1]CHROM,[2]POS,[4]REF,[5]ALT
rs6697886,chr1,1238231,G,A
rs2234161,chr1,2559766,C,T
rs6600247,chr1,24978623,T,C
rs6693105,chr1,152618187,T,C
rs4971079,chr1,155157915,G,A
rs1333062,chr1,160876494,T,G
rs10800314,chr1,161502999,C,A
rs79568124,chr1,161533059,A,G
rs508063,chr1,169954535,A,G
rs16841904,chr1,197732862,C,T
rs41299637,chr1,200908722,T,G
rs12131796,chr1,200909599,G,A
rs3024493,chr1,206770623,C,A
rs12075255,chr1,206788283,A,G
rs12758027,chr1,210621464,T,C
rs2666218,chr2,9262859,A,G
rs702872,chr2,60854175,C,T
rs4672505,chr2,62333197,A,G
rs13001372,chr2,62341086,A,G
rs6759298,chr2,62341310,G,C
rs11675538,chr2,65459327,C,T
rs4851529,chr2,102030838,G,A
rs2192752,chr2,102152913,G,T
rs871656,chr2,102154822,T,A
rs12987977,chr2,102358876,T,G
rs10171979,chr2,112065743,C,A
rs12615545,chr2,181183725,T,C
rs6434978,chr2,198702963,C,T
rs5837881,chr2,203843040,CT,C
rs35300242,chr2,233260144,G,A
rs76412624,chr3,18145113,A,G
rs73178598,chr3,18763719,T,C
rs10510607,chr3,28244770,C,T
rs1001007,chr3,46387167,A,G
rs6781808,chr3,137722530,T,C
rs11098964,chr4,79966815,A,G
rs13107612,chr4,101818823,C,T
rs59867199,chr4,122531076,C,T
rs13132308,chr4,122629959,A,G
rs11750385,chr5,10521556,G,T
rs11742270,chr5,35881341,G,A
rs353339,chr5,40201698,C,A
rs11749040,chr5,40396323,G,A
rs1992661,chr5,40414887,G,A
rs9687958,chr5,40496321,G,T
rs12186979,chr5,40524758,A,G
rs2032890,chr5,96785448,A,C
rs469758,chr5,96786011,C,T
rs27529,chr5,96790605,A,G
rs27434,chr5,96793809,A,G
rs10045403,chr5,96812030,A,G
rs2549803,chr5,96839226,C,T
rs2910686,chr5,96916885,T,C
rs1004234,chr5,132421409,A,G
rs11749391,chr5,150849504,T,C
rs74817271,chr5,151090412,G,A
rs6871626,chr5,159399784,C,A
rs72812861,chr5,173960506,T,C
rs714830,chr6,20624151,A,G
rs2328530,chr6,20643496,G,A
rs28533662,chr6,31358156,T,C
rs72867732,chr6,31392512,A,G
rs2516514,chr6,31479358,T,C
rs17765610,chr6,89956054,A,G
rs928722,chr6,137652695,C,T
rs75547560,chr7,5059438,A,C
rs1525735,chr7,17157947,C,T
rs2069835,chr7,22728252,T,C
rs28550029,chr7,26832962,C,T
rs860262,chr7,28154778,C,A
rs10280089,chr7,38667217,C,A
rs7784778,chr7,46912235,C,T
rs4917129,chr7,50283578,T,C
rs7805114,chr7,107809588,T,G
rs2402752,chr7,124799545,T,C
rs55688811,chr7,147641371,T,G
rs1013210,chr8,24259209,G,A
rs10093384,chr8,87623714,G,A
rs1551399,chr8,125527723,A,C
rs2042011,chr8,128215706,A,G
rs10758669,chr9,4981602,C,A
rs7857730,chr9,5084049,G,T
rs4246905,chr9,114790969,T,C
rs7468800,chr9,114829725,C,A
rs1128905,chr9,136359387,T,C
rs11145763,chr9,136369144,A,C
rs10870077,chr9,136369439,C,G
rs3118471,chr10,6060794,A,G
rs2236379,chr10,6485181,G,A
rs10761648,chr10,62594503,C,T
rs7915475,chr10,62621908,A,G
rs2031610,chr10,88994730,T,C
rs2497318,chr10,92672243,C,T
rs1332099,chr10,99538694,T,C
rs10743181,chr11,2208529,A,G
rs10750899,chr11,58517478,G,A
rs174535,chr11,61783884,T,C
rs497871,chr11,114476929,A,G
rs11221322,chr11,128476898,T,C
rs7313895,chr12,40350592,G,T
rs12369214,chr12,106804833,G,A
rs11065898,chr12,111424771,C,T
rs2026029,chr13,49021195,A,G
rs9554587,chr13,99388400,A,G
rs8006884,chr14,35094005,T,C
rs12879003,chr14,35359535,T,G
rs2145623,chr14,35370030,G,C
rs11624293,chr14,88022477,T,C
rs8036083,chr15,101227617,T,G
rs8061882,chr16,11067551,G,C
rs11649613,chr16,11225500,C,T
rs12932970,chr16,85970504,T,C
rs11117431,chr16,85981710,A,G
rs6502398,chr17,14832175,A,C
rs2297518,chr17,27769571,G,A
rs9797244,chr17,27770105,T,C
rs7217335,chr17,27771755,G,A
rs2274894,chr17,27772145,T,G
rs2779255,chr17,27810514,C,T
rs2531875,chr17,27821141,G,T
rs35736272,chr17,39876427,T,C
rs9901869,chr17,47497840,G,A
rs12943464,chr17,47612985,A,T
rs1292035,chr17,59912196,G,A
rs196941,chr17,64069832,G,C
rs62097857,chr18,12857759,G,A
rs12968719,chr18,12879467,G,A
rs66504140,chr18,69894282,G,A
rs587259,chr19,34165501,C,T
rs679574,chr19,48702851,C,G
rs1328454,chr20,49823486,T,C
rs2823288,chr21,15448569,G,A
rs7281081,chr21,28099170,G,T
rs1893592,chr21,42434957,A,C
rs235316,chr21,44852190,A,T
rs1569414,chr22,45331684,T,G
