dbSNP ID,Chromosome,Position
rs12987977,2,102358876
rs10822050,10,62679011
rs7805114,7,107809588
rs6556411,5,159356215
rs55705316,1,206760172
rs11839053,13,106410694
rs353339,5,40201698
rs6556416,5,159391737
rs35667974,2,162268127
rs1004234,5,132421409
rs8006884,14,35094005
rs2026029,13,49021195
rs6697886,1,1238231
rs72977586,19,1186317
rs1860545,12,6337611
rs10743181,11,2208529
rs6759298,2,62341310
rs6425143,1,172875212
rs508063,1,169954535
rs7042370,9,12785074
rs11616188,12,6393576
rs74956615,19,10317045
rs1128905,9,136359387
rs2104286,10,6057082
rs2075726,22,36914004
rs3806308,1,19816373
rs141992399,9,136365140
rs76913543,10,6000052
rs860262,7,28154778
rs148783236,15,50492819
rs10094579,8,89837077
rs7282490,21,44195858
rs36001488,2,233276621
rs12943464,17,47612985
rs1260326,2,27508073
rs28701841,6,106082455
rs1992661,5,40414887
rs4921482,5,159337470
rs11574938,16,30474072
rs9889296,17,34243528
rs12879003,14,35359535
rs661054,11,114559688
rs10889676,1,67256884
rs7100025,10,37303610
rs706778,10,6056986
rs4389526,4,80025321
rs27529,5,96790605
rs12758027,1,210621464
rs12598357,16,28329624
rs17765610,6,89956054
rs2283790,22,21602364
rs34939008,4,23344561
rs7115956,11,110085620
rs72928038,6,90267049
rs7426056,2,203747335
rs12942547,17,42375526
rs26528,16,28506388
rs2816958,1,200132792
rs4946717,6,106026874
rs66504140,18,69894282
rs6781808,3,137722530
rs2227551,10,73909432
rs7933433,11,128324555
rs1870293,16,30959620
rs4676410,2,240624322
rs2531875,17,27821141
rs2451258,6,159085568
rs35320439,2,241797926
rs2297909,1,200991179
rs13093489,3,27753416
rs11065898,12,111424771
rs4986790,9,117713024
rs8070463,17,47691470
rs17095830,12,45381125
rs9494840,6,137641937
rs4851529,2,102030838
rs7660520,4,182824168
rs183686347,1,67237759
rs7915475,10,62621908
rs9687958,5,40496321
rs2111485,2,162254026
rs12932970,16,85970504
rs6863411,5,142133639
rs6600247,1,24978623
rs17622378,5,132442760
rs11229555,11,58641214
rs41299637,1,200908722
rs2297518,17,27769571
rs367569,16,11271643
rs3774937,4,102513096
rs2024092,19,1124032
rs10988542,9,129894985
rs12131796,1,200909599
rs10093384,8,87623714
rs259964,20,59249254
rs35300242,2,233260144
rs7725052,5,40487168
rs6502398,17,14832175
rs1328454,20,49823486
rs13210693,6,109277761
rs3124998,9,136494980
rs62097857,18,12857759
rs7874251,9,75888242
rs11209026,1,67240275
rs2823288,21,15448569
rs2836883,21,39094818
rs1013210,8,24259209
rs11749391,5,150849504
rs116046827,3,49618715
rs4333130,4,80028675
rs11190133,10,99518968
rs16841904,1,197732862
rs602662,19,48703728
rs35164067,19,10414505
rs30187,5,96788627
rs7281081,21,28099170
rs116488202,6,31377139
rs114202211,1,113943285
rs62324212,4,122639784
rs61839660,10,6052734
rs10750899,11,58517478
rs11871012,17,27295723
rs4561177,11,110091706
rs13107612,4,101818823
rs755374,5,159402286
rs67412457,16,1475709
rs582757,6,137876687
rs10440635,5,40490688
rs2075184,2,102464132
rs1883832,20,46118343
rs17622517,5,132467845
rs10781500,9,136374886
rs928722,6,137652695
rs34779708,10,35177257
rs10758669,9,4981602
rs6561151,13,43910570
rs2402752,7,124799545
rs2042011,8,128215706
rs4728142,7,128933913
rs2476601,1,113834946
rs12146962,14,32911892
rs10870077,9,136369439
rs4676406,2,240639691
rs9947182,18,49727534
rs7831697,8,137124061
rs11221332,11,128511079
rs6062496,20,63697746
rs2066845,16,50722629
rs140135,22,29767846
rs11749040,5,40396323
rs9901869,17,47497840
rs3853824,17,56803632
rs9491891,6,127956006
rs2145623,14,35370030
rs9554587,13,99388400
rs11742270,5,35881341
rs2538470,7,148523356
rs11675538,2,65459327
rs6466198,7,107839681
rs34920465,1,22373858
rs35018800,19,10354167
rs3749171,2,240630275
rs7313895,12,40350592
rs7552167,1,24192153
rs6689858,1,197406337
rs7954567,12,6381959
rs61752717,16,3243407
rs2236379,10,6485181
rs1847472,6,90263440
rs71624119,5,56144903
rs35736272,17,39876427
rs2050392,10,30402574
rs12720356,19,10359299
rs11168249,12,47814585
rs10045403,5,96812030
rs871656,2,102154822
rs1250550,10,79300560
rs11741255,5,132475490
rs7517847,1,67215986
rs12188300,5,159402519
rs80174646,1,67242472
rs4625,3,49534707
rs4869313,5,96888176
rs1018326,2,181143073
rs56167332,5,159400761
rs11098964,4,79966815
rs4246905,9,114790969
rs587259,19,34165501
rs11145763,9,136369144
rs7731626,5,56148856
rs10775412,17,27542007
rs11750385,5,10521556
rs28998802,17,27797882
rs13132308,4,122629959
rs35874463,15,67165360
rs59867199,4,122531076
rs1569414,22,45331684
rs1267499,6,14715651
rs4655215,1,19811221
rs7298011,12,25890592
rs72871627,2,162280432
rs34884278,1,172869708
rs2807264,X,136583619
rs2032890,5,96785448
rs1332099,10,99538694
rs9297145,7,99161494
rs12186979,5,40524758
rs10800314,1,161502999
rs1333062,1,160876494
rs4129267,1,154453788
rs35074907,19,10489742
rs11614178,12,68114342
rs2031610,10,88994730
rs10995271,10,62678726
rs2234161,1,2559766
rs11624293,14,88022477
rs6679677,1,113761186
rs925255,2,28391927
rs10865331,2,62324337
rs1405108,2,198880294
rs6871626,5,159399784
rs1893592,21,42434957
rs4812833,20,44440356
rs2242944,21,39093252
rs10761648,10,62594503
rs7608910,2,60977721
rs71559680,6,21430497
rs12141575,1,67281753
rs17085007,13,26957130
rs12615545,2,181183725
rs1689510,12,56002984
rs469758,5,96786011
rs4971079,1,155157915
rs2394250,6,29975879
rs4876208,8,2191959
rs62131887,19,10476920
rs34804116,5,73244023
rs2301436,6,167024500
rs7097656,10,80491075
rs3197999,3,49684099
rs2284553,21,33404389
rs12968719,18,12879467
rs201014116,2,25278036
rs7848647,9,114806766
rs4456788,21,44196441
rs2738774,20,63637985
rs2812378,9,34710263
rs6058869,20,32760944
rs7556897,2,227795396
rs3184504,12,111446804
rs72796367,16,50728860
rs679574,19,48702851
rs1801274,1,161509955
rs2066363,1,81771892
rs4845604,1,151829204
rs2274894,17,27772145
rs1551399,8,125527723
rs2836882,21,39094644
rs1580226,22,34413463
rs28550029,7,26832962
rs10000518,4,11502867
rs12694846,2,230283413
rs8036083,15,101227617
rs55688811,7,147641371
rs12075255,1,206788283
rs17192932,6,31354352
rs10748781,10,99523573
rs1001007,3,46387167
rs7236492,18,79460616
rs559928,11,64382898
rs8061882,16,11067551
rs75547560,7,5059438
rs174535,11,61783884
rs12232497,17,39883866
rs11649613,16,11225500
rs7404095,16,23853269
rs16967103,15,38606989
rs2910686,5,96916885
rs2497318,10,92672243
rs11236797,11,76588605
rs1525735,7,17157947
rs11249215,1,24970693
rs6693105,1,152618187
rs1326986,10,19640584
rs726657,9,114934056
rs111305875,6,167098098
rs11691685,2,144724260
rs4703855,5,72398072
rs9977672,21,39091357
rs1250573,10,79282718
rs6793285,3,7295668
rs702872,2,60854175
rs2429929,17,71725783
rs7784778,7,46912235
rs114846446,2,2944140
rs11676348,2,218145423
rs11117431,16,85981710
rs10171979,2,112065743
rs7672495,4,4990640
rs13407913,2,24874775
rs78973538,1,155224224
rs4552569,5,83877774
rs7468800,9,114829725
rs2192752,2,102152913
rs17780256,17,72646784
rs17885785,11,2146620
rs7217335,17,27771755
rs4349859,6,31398010
rs73178598,3,18763719
rs196941,17,64069832
rs10510607,3,28244770
rs3024493,1,206770623
rs117372389,16,50634166
rs2328530,6,20643496
rs7195296,16,11655918
rs17229679,2,198696033
rs12928404,16,28835925
rs568617,11,65885771
rs12863738,X,136949968
rs2266961,22,21574308
rs2549803,5,96839226
rs1292035,17,59912196
rs2357623,16,50660100
rs3747517,2,162272314
rs77150043,16,50270338
rs72812861,5,173960506
rs9797244,17,27770105
rs11221322,11,128476898
rs2666218,2,9262859
rs3776414,5,10689450
rs5757584,22,39266545
rs2143178,22,39264824
rs1250563,10,79287626
rs13001372,2,62341086
rs7743761,6,31368323
rs941823,13,40439840
rs6651252,8,128554935
rs6426833,1,19845367
rs17466626,12,40366829
rs72743477,15,67171953
rs6434978,2,198702963
rs79568124,1,161533059
rs79493594,20,44561731
rs714830,6,20624151
rs12718244,7,50136058
rs36051895,9,4981866
rs3766606,1,7962137
rs17293632,15,67150258
rs61802846,1,161504083
rs1800682,10,88990206
rs4917129,7,50283578
rs11230563,11,61008737
rs2310173,2,102047167
rs3118471,10,6060794
rs1182188,7,2830351
rs77981966,2,43550825
rs10280089,7,38667217
rs378108,21,39097594
rs11580078,1,67203951
rs235316,21,44852190
rs76412624,3,18145113
rs12369214,12,106804833
rs4802307,19,46346549
rs27434,5,96793809
rs1569328,14,75275048
rs4672505,2,62333197
rs2779255,17,27810514
rs74817271,5,151090412
rs4243971,20,32261714
rs395157,5,38867630
rs11306716,3,7295668
rs34670647,17,27295723
rs5743293,17,71725783
rs117486637,7,147641371
rs497871,11,114476929
rs2844510,6,31442631
rs17030062,2,65234591
rs7857730,9,5084049
rs61199332,8,11573132
rs2069835,7,22728252
rs4418214,6,31423624
rs4463302,6,31375890
rs6905036,6,31305369
rs2516514,6,31479358
rs13388357,2,162465025
rs115879499,7,5059438
